"Office Chair","Furniture"
"Desktop Computer","Electronics"
"Printer","Electronics"
"Whiteboard","Office Supplies"
"Projector","Electronics"
"Office Desk","Furniture"
"File Cabinets","Furniture"
"LED Monitor","Electronics"
"Stapler","Office Supplies"
"Office Phone","Electronics"
"Paper Shredder","Electronics"
"Coffee Machine","Appliances"
"Air Conditioner","Appliances"
"Bookshelf","Furniture"
"Desk Lamp","Electronics"
"Computer Mouse","Electronics"
"Keyboard","Electronics"
"External Hard Drive","Electronics"
"Fax Machine","Electronics"
"Office Sofa","Furniture"
"Meeting Table","Furniture"
"Document Scanner","Electronics"
"Office Supply Cabinet","Furniture"
"Desk Organizer","Office Supplies"
"Whiteboard Markers","Office Supplies"
"Printer Paper","Office Supplies"
"Rechargeable Batteries","Electronics"
"Label Maker","Electronics"
"Office Plants","Decor"
"Fridge","Appliances"
"Microwave","Appliances"
"Shredder Bags","Office Supplies"
"Telephone Headset","Electronics"
"Desk Chair Mat","Furniture"
"Wall Clock","Decor"
"Conference Room Table","Furniture"
"Networking Router","Electronics"
"Wall Mounted Shelf","Furniture"
"Office Safe","Electronics"
"Air Purifier","Appliances"
"Hand Sanitizer Dispenser","Office Supplies"
"Pen Holder","Office Supplies"
"Office Rug","Decor"
"Projector Screen","Electronics"
"Whiteboard Erasers","Office Supplies"
"Desk Fan","Appliances"
"Office Door Mats","Decor"
"Printer Ink Cartridges","Office Supplies"
"Office Cable Management","Electronics"
"Thermostat","Appliances"
"USB Flash Drives","Electronics"
"Electric Kettle","Appliances"
"Office Waste Bins","Office Supplies"
"Presentation Remote","Electronics"
"Desk Accessories Set","Office Supplies"
"Office Partition","Furniture"
"Conference Microphones","Electronics"
"Office Cleaning Supplies","Office Supplies"
"Wall Art","Decor"
"Office Plant Pots","Decor"
"Break Room Table","Furniture"
"Office Storage Bins","Office Supplies"
"Water Cooler","Appliances"
"Coffee Maker","Appliances"
"Office Curtains","Decor"
"Whiteboard Cleaning Spray","Office Supplies"
"Desktop Organizer","Office Supplies"
"Personal Safe","Electronics"
"Office Bulletin Board","Office Supplies"
"Desk Chair Cushions","Furniture"
"Electronic Label Printer","Electronics"
"Office Carpet","Decor"
"Reception Desk","Furniture"
"Office Clock","Decor"
"Meeting Room Chairs","Furniture"
"Executive Desk","Furniture"
"Office Tissues","Office Supplies"
"Conference Room Projector","Electronics"
"Office Bean Bags","Furniture"
"Desktop Stand","Electronics"
"Portable Heater","Appliances"
"Office Whiteboard Easel","Office Supplies"
"Desktop Computer Stand","Electronics"
"Office Laptop Stands","Electronics"
"Break Room Appliances","Appliances"
"Ergonomic Chair","Furniture"
"Office Curtains","Decor"
"Office Blinds","Decor"
"Office Magnets","Office Supplies"
"Meeting Room Table","Furniture"
"Office Water Dispenser","Appliances"
"Multi-Function Printer","Electronics"
"Office Mail Organizer","Office Supplies"
"Conference Call Speaker","Electronics"
"Office Cooling Fan","Appliances"
"File Storage Boxes","Office Supplies"
"Office Wall Panels","Decor"
"Cleaning Supplies Kit","Office Supplies"
"Office Bulletin Board Pins","Office Supplies"
"Mobile Charging Station","Electronics"
"Executive Chair","Furniture"
"Office Wall Calendar","Office Supplies"
"Break Room Seating","Furniture"
"Desktop Air Purifier","Appliances"
"Conference Room Furniture","Furniture"
"Whiteboard Dry Erase Markers","Office Supplies"
"Office Waste Receptacles","Office Supplies"
"Employee Lockers","Furniture"
"Office Air Conditioning Unit","Appliances"
"Portable Projector","Electronics"
"Office Chair Mats","Furniture"
"Conference Room Sound System","Electronics"
"Desk Drawer Organizer","Office Supplies"
"Office Ceiling Fans","Appliances"
"Reception Area Furniture","Furniture"
"Office Lighting Fixtures","Electronics"
"Desktop Organizer Tray","Office Supplies"
"Office Printer Stand","Furniture"
"Computer Workstation","Furniture"
"Office Floor Mats","Decor"
"Desk Plant Holders","Decor"
"Office Document Holder","Office Supplies"
"Office Decor Items","Decor"
"Portable Cooling Unit","Appliances"
"Office TV","Electronics"
"Conference Room Whiteboard","Office Supplies"
"Office Reception Desk Chair","Furniture"
"Office Wall Art Frames","Decor"
"Office Desk Pad","Office Supplies"
"Desktop Microphone","Electronics"
"Office Ergonomic Desk Chair","Furniture"
"Conference Room Air Purifier","Appliances"
"Desk Light Fixtures","Electronics"
"Office File Organizers","Office Supplies"
"Meeting Room AV Equipment","Electronics"
"Office Water Filter","Appliances"
"Office Storage Shelves","Furniture"
"Desktop Computer Accessories","Electronics"
"Office Desk Accessories","Office Supplies"
"Office Storage Cabinets","Furniture"
"Conference Table Accessories","Office Supplies"
"Office Coffee Supplies","Food & Beverages"
"Office Healthy Snacks","Food & Beverages"
"Office Beverage Station","Appliances"
"Desktop Cable Organizer","Electronics"
"Office Employee Lockers","Furniture"
"Conference Room Cooling Unit","Appliances"
"Office Desk Drawer Locks","Furniture"
"Portable Heating Unit","Appliances"
"Office Meeting Room Decor","Decor"
"Office Air Fresheners","Office Supplies"
"Desktop Power Strips","Electronics"
"Office Cleaning Equipment","Office Supplies"
"Meeting Room Accessories","Office Supplies"
"Office Tech Accessories","Electronics"
"Office Organizers","Office Supplies"
"Conference Room Decor","Decor"
"Employee Break Room Furniture","Furniture"
"Office Filing Cabinets","Furniture"
"Desktop Charging Dock","Electronics"
"Office Utility Cabinets","Furniture"
"Office Meeting Supplies","Office Supplies"
"Conference Room Lighting","Electronics"
"Office Air Conditioning System","Appliances"
"Desktop Label Printer","Electronics"
"Office Break Room Supplies","Office Supplies"
"Office Storage Solutions","Furniture"
"Meeting Room Decoration","Decor"
"Conference Room Tech Gear","Electronics"
"Office Floor Cleaning Supplies","Office Supplies"
"Office Utility Supplies","Office Supplies"
"Office Break Room Furniture","Furniture"
"Office Lighting Accessories","Electronics"
"Desktop Stationery Organizer","Office Supplies"
"Office Tech Upgrades","Electronics"
"Conference Room Sound Equipment","Electronics"
"Office Air Conditioning Units","Appliances"
"Office Furniture Accessories","Furniture"
"Office Electrical Supplies","Electronics"
"Office Supplies Management","Office Supplies"
"Conference Room Temperature Control","Appliances"
"Desktop Office Supplies","Office Supplies"
"Office Health & Safety Supplies","Healthcare"
"Meeting Room Comfort Items","Furniture"
"Office Power Management","Electronics"
"Office Floor Maintenance","Office Supplies"
"Conference Room Comfort Supplies","Furniture"
"Desktop Power Management","Electronics"
"Office Utility Upgrades","Appliances"
"Office Tech Accessories Management","Electronics"
"High-efficiency blender with multiple speed settings", "Kitchen Appliances"
"Stainless steel microwave oven with 20L capacity", "Kitchen Appliances"
"Ergonomic office chair with lumbar support", "Furniture"
"LED desk lamp with adjustable brightness", "Furniture"
"Portable air conditioner with remote control", "Home Appliances"
"Multifunctional printer with wireless connectivity", "Electronics"
"Electric kettle with rapid boil feature", "Kitchen Appliances"
"Smartphone with 64GB storage and 6GB RAM", "Electronics"
"4K Ultra HD television with smart features", "Electronics"
"Professional gaming mouse with customizable DPI", "Electronics"
"Organic cotton bed sheets, king size", "Home Textiles"
"Memory foam mattress with cooling gel", "Furniture"
"Heavy-duty blender with smoothie function", "Kitchen Appliances"
"Bluetooth headphones with noise-cancellation", "Electronics"
"Compact refrigerator with energy-efficient design", "Home Appliances"
"3D printer with high-resolution capabilities", "Electronics"
"Adjustable standing desk with electric motor", "Furniture"
"Robotic vacuum cleaner with smart navigation", "Home Appliances"
"High-speed blender with multiple attachments", "Kitchen Appliances"
"Portable Bluetooth speaker with waterproof design", "Electronics"
"Wireless charging pad for smartphones", "Electronics"
"Ergonomic gaming chair with reclining feature", "Furniture"
"Digital camera with high-definition video recording", "Electronics"
"Air fryer with multiple cooking presets", "Kitchen Appliances"
"Smart thermostat with Wi-Fi connectivity", "Home Appliances"
"High-performance laptop with SSD storage", "Electronics"
"Comfortable memory foam pillow", "Home Textiles"
"Large capacity washing machine with multiple wash cycles", "Home Appliances"
"Outdoor grill with stainless steel burners", "Kitchen Appliances"
"Advanced fitness tracker with heart rate monitor", "Electronics"
"Luxury bath towels made from Egyptian cotton", "Home Textiles"
"Digital meat thermometer with instant read feature", "Kitchen Appliances"
"Multi-purpose tool kit with various attachments", "Tools"
"Outdoor patio furniture set with cushions", "Furniture"
"High-definition webcam with built-in microphone", "Electronics"
"Noise-canceling over-ear headphones", "Electronics"
"Electric toothbrush with multiple brushing modes", "Personal Care"
"High-quality leather briefcase for professionals", "Accessories"
"Compact air purifier with HEPA filter", "Home Appliances"
"Large capacity deep freezer for bulk storage", "Home Appliances"
"Stainless steel pressure cooker with safety features", "Kitchen Appliances"
"Smart home security camera with night vision", "Electronics"
"Heavy-duty exercise bike with adjustable resistance", "Fitness Equipment"
"Portable camping stove with multiple burners", "Outdoor Gear"
"High-speed electric drill with variable speed settings", "Tools"
"Luxury silk pillowcases for better sleep", "Home Textiles"
"Digital kitchen scale with precision measurement", "Kitchen Appliances"
"Stylish and functional wall clock with silent movement", "Home Decor"
"Compact and versatile blender with travel cups", "Kitchen Appliances"
"Ergonomic office desk with built-in storage", "Furniture"
"Wireless smart plug with voice control", "Electronics"
"Multi-functional pressure washer with various nozzles", "Tools"
"Professional chef's knife with ergonomic handle", "Kitchen Appliances"
"High-quality stainless steel cookware set", "Kitchen Appliances"
"Luxury area rug with intricate design", "Home Decor"
"Portable projector with built-in speakers", "Electronics"
"Advanced robotic lawn mower with programmable settings", "Outdoor Gear"
"Adjustable weight bench for strength training", "Fitness Equipment"
"Stylish and durable backpack for everyday use", "Accessories"
"Compact air fryer with digital controls", "Kitchen Appliances"
"Smart LED light bulbs with color changing options", "Home Decor"
"High-capacity battery backup system for electronics", "Electronics"
"Comfortable and adjustable camping chair", "Outdoor Gear"
"Premium quality yoga mat with non-slip surface", "Fitness Equipment"
"Large capacity storage bin with lid", "Storage Solutions"
"Portable power bank with fast charging capabilities", "Electronics"
"Professional-grade camera tripod with adjustable legs", "Electronics"
"High-performance gaming keyboard with RGB lighting", "Electronics"
"Elegant wine rack with capacity for 12 bottles", "Home Decor"
"Multi-function food processor with various blades", "Kitchen Appliances"
"Heavy-duty garden hose with retractable reel", "Outdoor Gear"
"Smart speaker with voice assistant integration", "Electronics"
"Sturdy and comfortable lounge chair for patio", "Furniture"
"High-quality stainless steel barbecue grill", "Outdoor Gear"
"Compact and versatile multi-cooker with slow cook feature", "Kitchen Appliances"
"Advanced home theater system with surround sound", "Electronics"
"Ergonomic computer chair with adjustable armrests", "Furniture"
"Luxury bathrobe made from premium cotton", "Personal Care"
"Smart doorbell with video and two-way audio", "Electronics"
"High-performance blender with ice-crushing capability", "Kitchen Appliances"
"Stylish wall-mounted coat rack with hooks", "Home Decor"
"Heavy-duty tool chest with multiple drawers", "Tools"
"Comfortable and supportive office chair with mesh back", "Furniture"
"High-capacity portable cooler with wheels", "Outdoor Gear"
"Advanced smart home hub with automation features", "Electronics"
"Luxury cotton bath mat with anti-slip backing", "Home Textiles"
"Compact and durable camping tent for 4 people", "Outdoor Gear"
"Stylish and practical entryway bench with storage", "Furniture"
"High-performance gaming monitor with ultra-fast refresh rate", "Electronics"
"Multi-purpose steamer for vegetables and seafood", "Kitchen Appliances"
"Adjustable and portable laptop stand", "Accessories"
"Comfortable and supportive travel pillow", "Personal Care"
"Advanced robotic vacuum with mapping technology", "Home Appliances"
"High-quality stainless steel sink with undermount design", "Kitchen Appliances"
"Stylish and functional desk organizer with compartments", "Accessories"
"High-performance gas grill with side burner", "Outdoor Gear"
"Compact and powerful handheld vacuum cleaner", "Home Appliances"
"Luxurious silk duvet cover set", "Home Textiles"
"Smart home lighting system with app control", "Home Decor"
"Heavy-duty folding table for outdoor use", "Outdoor Gear"
"Premium quality stainless steel knife set", "Kitchen Appliances"
"Comfortable and breathable sports shoes", "Footwear"
"High-definition smart projector with 4K resolution", "Electronics"
"Adjustable home gym equipment with multiple functions", "Fitness Equipment"
"Elegant and modern floor lamp with dimmable light", "Home Decor"
"Portable and compact electric grill for indoor use", "Kitchen Appliances"
"Multi-purpose utility cart with wheels", "Furniture"
"Advanced noise-canceling headphones with Bluetooth", "Electronics"
"Stylish and durable leather wallet with multiple compartments", "Accessories"
"Compact and efficient air conditioning unit", "Home Appliances"
"High-quality outdoor hammock with stand", "Outdoor Gear"
"Comfortable and supportive orthopedic mattress", "Furniture"
"Smart water bottle with hydration reminders", "Personal Care"
"Heavy-duty lawnmower with mulching capabilities", "Outdoor Gear"
"Professional chef's apron with adjustable neck strap", "Kitchen Appliances"
"Elegant and functional jewelry organizer with compartments", "Accessories"
"High-performance air fryer with rapid air technology", "Kitchen Appliances"
"Compact and stylish coffee maker with programmable settings", "Kitchen Appliances"
"Heavy-duty camping cooler with ice retention feature", "Outdoor Gear"
"Comfortable and adjustable reclining lounge chair", "Furniture"
"Advanced smart lock with keyless entry", "Home Security"
"High-definition action camera with waterproof case", "Electronics"
"Portable and durable first aid kit", "Outdoor Gear"
"Elegant and luxurious duvet set with satin finish", "Home Textiles"
"High-quality and versatile chef's knife", "Kitchen Appliances"
"Stylish and practical desk lamp with USB charging port", "Furniture"
"Compact and efficient dehumidifier for small spaces", "Home Appliances"
"Comfortable and supportive memory foam mattress topper", "Furniture"
"Smart indoor garden with automated watering system", "Home Decor"
"High-performance exercise ball with pump included", "Fitness Equipment"
"Durable and spacious gym duffel bag", "Fitness Equipment"
"Compact and powerful space heater with thermostat", "Home Appliances"
"Stylish and functional glass storage jars with airtight lids", "Kitchen Appliances"
"Heavy-duty camping lantern with multiple light modes", "Outdoor Gear"
"Comfortable and adjustable ergonomic office desk chair", "Furniture"
"High-quality outdoor fire pit with heat-resistant design", "Outdoor Gear"
"Elegant and modern area rug with geometric pattern", "Home Decor"
"Portable and compact electric air pump", "Outdoor Gear"
"Advanced smart thermostat with energy-saving features", "Home Appliances"
"High-performance stand mixer with multiple attachments", "Kitchen Appliances"
"Stylish and practical laptop backpack with padded compartments", "Accessories"
"Compact and efficient indoor air purifier", "Home Appliances"
"Comfortable and durable hiking boots", "Footwear"
"High-definition home surveillance camera with cloud storage", "Home Security"
"Portable and versatile camping stove with grill", "Outdoor Gear"
"Elegant and functional wine opener set with stand", "Kitchen Appliances"
"Heavy-duty and spacious storage shed for garden tools", "Outdoor Gear"
"Stylish and modern wall-mounted bookshelf", "Furniture"
"Compact and powerful handheld steam cleaner", "Home Appliances"
"Comfortable and supportive travel pillow with memory foam", "Personal Care"
"High-performance treadmill with adjustable incline", "Fitness Equipment"
"Elegant and functional office desk with built-in USB ports", "Furniture"
"High-quality and versatile multi-tool with various attachments", "Tools"
"Compact and stylish mini fridge with LED lighting", "Home Appliances"
"Portable and durable camping chair with cup holder", "Outdoor Gear"
"Smart and efficient washing machine with multiple wash programs", "Home Appliances"
"Heavy-duty and durable outdoor storage box", "Outdoor Gear"
"Comfortable and stylish winter jacket with insulated lining", "Clothing"
"Elegant and practical coffee table with storage compartments", "Furniture"
"High-performance pressure washer with adjustable spray settings", "Tools"
"Compact and efficient space heater with remote control", "Home Appliances"
"Comfortable and stylish summer dress with floral pattern", "Clothing"
"High-quality and versatile chef's knife set with block", "Kitchen Appliances"
"Stylish and functional laundry basket with handles", "Home Textiles"
"Compact and durable outdoor folding table", "Outdoor Gear"
"Elegant and modern pendant light with dimming options", "Home Decor"
"High-performance electric grill with temperature control", "Kitchen Appliances"
"Comfortable and supportive office chair with adjustable height", "Furniture"
"Heavy-duty and versatile tool set with carrying case", "Tools"
"Stylish and functional bedside table with drawers", "Furniture"
"Compact and efficient slow cooker with programmable settings", "Kitchen Appliances"
"Elegant and modern decorative vase with floral design", "Home Decor"
"High-performance air purifier with HEPA filter", "Home Appliances"
"Comfortable and supportive orthopedic pillow", "Personal Care"
"Stylish and practical kitchen island with storage", "Furniture"
"High-quality and durable outdoor picnic blanket", "Outdoor Gear"
"Elegant and functional wall-mounted mirror with shelf", "Home Decor"
"Comfortable and stylish yoga pants with moisture-wicking fabric", "Clothing"
"High-performance and versatile blender with multiple speed settings", "Kitchen Appliances"
"Stylish and practical office organizer with compartments", "Accessories"
"Compact and durable electric wine opener", "Kitchen Appliances"
"Elegant and modern table lamp with adjustable brightness", "Home Decor"
"High-quality and comfortable travel blanket with carrying case", "Personal Care"
"Stylish and functional entryway console table with storage", "Furniture"
"Heavy-duty and versatile outdoor gear set for camping", "Outdoor Gear"
"Comfortable and supportive ergonomic neck pillow", "Personal Care"
"High-performance and durable cordless drill with multiple attachments", "Tools"
"Compact and efficient mini dehumidifier for small spaces", "Home Appliances"
"Stylish and practical wall-mounted coat rack with shelf", "Home Decor"
"High-quality and versatile chef's apron with pockets", "Kitchen Appliances"
"Comfortable and durable workout leggings with compression fabric", "Clothing"
"Elegant and functional wooden jewelry box with compartments", "Accessories"
"Compact and powerful handheld vacuum with attachments", "Home Appliances"
"High-quality and stylish area rug with contemporary design", "Home Decor"
"Comfortable and supportive lounge chair with recline feature", "Furniture"
"Heavy-duty and durable outdoor camping tent with multiple rooms", "Outdoor Gear"
"Elegant and modern floor standing lamp with adjustable arm", "Home Decor"
"High-performance and versatile immersion blender", "Kitchen Appliances"
"Comfortable and supportive ergonomic office chair with lumbar support", "Furniture"
"Compact and efficient multi-purpose steamer for vegetables and seafood", "Kitchen Appliances"
"Stylish and practical wall-mounted bookshelf with adjustable shelves", "Furniture"
"High-quality and durable outdoor camping hammock with stand", "Outdoor Gear"
"Comfortable and supportive travel neck pillow with memory foam", "Personal Care"
"Elegant and modern decorative wall art with abstract design", "Home Decor"
"High-performance and versatile air fryer with multiple cooking modes", "Kitchen Appliances"
"Stylish and functional desk organizer with charging station", "Accessories"
"Compact and durable outdoor gear set for hiking", "Outdoor Gear"
"Comfortable and supportive yoga mat with non-slip surface", "Fitness Equipment"
"High-quality and stylish leather office chair with adjustable features", "Furniture"
"Elegant and modern pendant light fixture with adjustable length", "Home Decor"
"High-performance and efficient air purifier with HEPA filter", "Home Appliances"
"Comfortable and supportive memory foam mattress with cooling gel", "Furniture"
"Stylish and practical kitchen utensil set with storage holder", "Kitchen Appliances"
"High-quality and versatile multi-purpose utility knife", "Tools"
"Elegant and functional glass coffee table with metal legs", "Furniture"
"Compact and durable outdoor camping stove with carrying case", "Outdoor Gear"
"Comfortable and stylish winter boots with waterproof design", "Footwear"
"High-performance and versatile electric hand mixer with multiple attachments", "Kitchen Appliances"
"Stylish and practical wall-mounted TV unit with storage compartments", "Furniture"
"Comfortable and supportive memory foam seat cushion", "Furniture"
"Elegant and modern floor vase with contemporary design", "Home Decor"
"High-quality and durable outdoor hammock with stand", "Outdoor Gear"
"Compact and efficient electric kettle with fast boiling feature", "Kitchen Appliances"
"Stylish and practical desk lamp with adjustable arm", "Furniture"
"Comfortable and supportive travel pillow with adjustable straps", "Personal Care"
"High-performance and versatile food processor with multiple attachments", "Kitchen Appliances"
"Elegant and modern wall-mounted coat rack with mirror", "Home Decor"
"Compact and durable outdoor camping gear set", "Outdoor Gear"
"Comfortable and supportive office chair with adjustable features", "Furniture"
"High-quality and stylish bathrobe with soft fabric", "Personal Care"
"Elegant and functional decorative throw pillows with geometric patterns", "Home Decor"
"Compact and efficient indoor air purifier with filter", "Home Appliances"
"Stylish and practical storage ottoman with padded top", "Furniture"
"Comfortable and supportive yoga bolster with organic cotton cover", "Fitness Equipment"
"High-performance and durable electric coffee grinder", "Kitchen Appliances"
"Elegant and modern decorative wall clock with minimalist design", "Home Decor"
"Compact and practical multi-function kitchen gadget", "Kitchen Appliances"
"Comfortable and durable camping hammock with tree straps", "Outdoor Gear"
"Stylish and practical office desk with built-in storage drawers", "Furniture"
"High-quality and versatile chef's knife with ergonomic handle", "Kitchen Appliances"
"Elegant and functional wall-mounted decorative shelf", "Home Decor"
"Comfortable and supportive travel blanket with soft fabric", "Personal Care"
"High-performance and durable air fryer with non-stick basket", "Kitchen Appliances"
"Stylish and practical wall-mounted coat rack with hooks and shelf", "Home Decor"
"Compact and efficient electric griddle with temperature control", "Kitchen Appliances"
"Comfortable and stylish leather sofa with reclining feature", "Furniture"
"Elegant and modern decorative table lamp with fabric shade", "Home Decor"
"High-performance and versatile multi-cooker with slow cook feature", "Kitchen Appliances"
"Stylish and practical storage bench with upholstered seat", "Furniture"
"Comfortable and supportive travel pillow with adjustable firmness", "Personal Care"
"High-quality and durable outdoor grill with rotisserie", "Outdoor Gear"
"Elegant and functional wall-mounted mirror with decorative frame", "Home Decor"
"Compact and efficient indoor dehumidifier with auto shut-off", "Home Appliances"
"Stylish and practical office chair with mesh back", "Furniture"
"High-performance and versatile blender with smoothie function", "Kitchen Appliances"
"Comfortable and supportive yoga mat with alignment guide", "Fitness Equipment"
"Elegant and modern decorative rug with abstract design", "Home Decor"
"Compact and durable outdoor camping lantern with USB charging port", "Outdoor Gear"
"High-quality and versatile multi-purpose kitchen shears", "Kitchen Appliances"
"Stylish and functional desk organizer with drawer", "Accessories"
"Comfortable and durable winter gloves with touchscreen compatibility", "Clothing"
"Elegant and modern decorative wall art with landscape design", "Home Decor"
"High-performance and versatile immersion blender with whisk attachment", "Kitchen Appliances"
"Compact and efficient electric kettle with temperature control", "Kitchen Appliances"
"Comfortable and supportive office chair with headrest", "Furniture"
"High-quality and durable outdoor camping gear set with tent", "Outdoor Gear"
"Stylish and practical storage solution with adjustable shelves", "Furniture"
"Elegant and modern decorative table runner with geometric pattern", "Home Decor"
"Comfortable and supportive memory foam neck pillow", "Personal Care"
"High-performance and versatile coffee maker with programmable settings", "Kitchen Appliances"
"Stylish and practical office desk with built-in power outlets", "Furniture"
"Compact and efficient indoor air purifier with multiple filters", "Home Appliances"
"Elegant and modern decorative table centerpiece with floral arrangement", "Home Decor"
"Comfortable and durable hiking shoes with waterproof design", "Footwear"
"High-quality and versatile chef's knife with sharpening steel", "Kitchen Appliances"
"Stylish and functional wall-mounted storage cabinet with mirror", "Furniture"
"Compact and durable outdoor camping chair with cup holder", "Outdoor Gear"
"Elegant and modern decorative pendant light fixture", "Home Decor"
"High-performance and versatile food processor with multiple bowls", "Kitchen Appliances"
"Comfortable and supportive travel pillow with adjustable support", "Personal Care"
"Stylish and practical office chair with lumbar support", "Furniture"
"Compact and efficient mini air fryer with multiple cooking presets", "Kitchen Appliances"
"Elegant and modern decorative wall sconce with LED light", "Home Decor"
"High-quality and versatile kitchen knife set with block", "Kitchen Appliances"
"Comfortable and durable winter coat with insulated lining", "Clothing"
"Stylish and practical wall-mounted coat rack with mirror and hooks", "Home Decor"
"High-performance and efficient electric kettle with quick boil feature", "Kitchen Appliances"
"Compact and durable outdoor camping stove with carrying case", "Outdoor Gear"
"Elegant and modern decorative table lamp with adjustable brightness", "Home Decor"
"Comfortable and supportive memory foam mattress with gel infusion", "Furniture"
"High-quality and versatile multi-purpose utility tool", "Tools"
"Stylish and practical desk organizer with charging dock", "Accessories"
"Compact and efficient electric griddle with non-stick surface", "Kitchen Appliances"
"Elegant and modern decorative wall mirror with frame", "Home Decor"
"Comfortable and supportive ergonomic office chair with headrest", "Furniture"
"High-performance and versatile blender with ice crush function", "Kitchen Appliances"
"Stylish and practical storage solution with sliding doors", "Furniture"
"Compact and durable outdoor camping gear set with tent and sleeping bags", "Outdoor Gear"
"Elegant and modern decorative vase with minimalist design", "Home Decor"
"Comfortable and supportive travel pillow with adjustable firmness", "Personal Care"
"High-quality and versatile kitchen tool set with storage rack", "Kitchen Appliances"
"Stylish and practical wall-mounted storage unit with hooks and shelves", "Furniture"
"Compact and efficient mini dehumidifier for small spaces", "Home Appliances"
"Elegant and modern decorative table lamp with touch control", "Home Decor"
"Comfortable and supportive winter hat with fleece lining", "Clothing"
"High-performance and versatile air fryer with digital controls", "Kitchen Appliances"
"Stylish and practical office desk with built-in cable management", "Furniture"
"Compact and durable outdoor camping gear set with cookware", "Outdoor Gear"
"Elegant and modern decorative wall art with abstract pattern", "Home Decor"
"Comfortable and supportive yoga mat with carrying strap", "Fitness Equipment"
"High-quality and versatile multi-purpose kitchen gadget with attachments", "Kitchen Appliances"
"Stylish and practical desk lamp with adjustable brightness and color temperature", "Furniture"
"Compact and efficient electric wine opener with charging base", "Kitchen Appliances"
"Elegant and modern decorative floor lamp with fabric shade", "Home Decor"
"Comfortable and supportive ergonomic desk chair with adjustable height", "Furniture"
"High-performance and versatile food processor with dough blade", "Kitchen Appliances"
"Stylish and practical wall-mounted storage shelf with hooks", "Furniture"
"Compact and durable outdoor camping tent with rainfly", "Outdoor Gear"
"Elegant and modern decorative table runner with floral design", "Home Decor"
"Comfortable and supportive travel blanket with fleece material", "Personal Care"
"High-quality and versatile kitchen knife set with cutting board", "Kitchen Appliances"
"Stylish and practical desk organizer with built-in lamp", "Accessories"
"Compact and efficient indoor air purifier with HEPA filter", "Home Appliances"
"Elegant and modern decorative wall clock with sleek design", "Home Decor"
"Comfortable and supportive yoga block with high-density foam", "Fitness Equipment"
"High-performance and durable electric coffee maker with carafe", "Kitchen Appliances"
"Stylish and practical office desk with built-in drawer", "Furniture"
"Compact and durable outdoor camping gear set with flashlight", "Outdoor Gear"
"Elegant and modern decorative table centerpiece with candle holders", "Home Decor"
"Comfortable and supportive winter gloves with thermal insulation", "Clothing"
"High-quality and versatile multi-function kitchen tool set", "Kitchen Appliances"
"Stylish and practical wall-mounted coat rack with bench", "Furniture"
"Compact and efficient electric skillet with adjustable temperature", "Kitchen Appliances"
"Elegant and modern decorative pendant light fixture with glass shade", "Home Decor"
"Comfortable and supportive memory foam pillow with cooling gel", "Personal Care"
"High-performance and versatile air fryer with easy-to-clean basket", "Kitchen Appliances"
"Stylish and practical office chair with mesh back and lumbar support", "Furniture"
"Compact and durable outdoor camping gear set with tent and cooking supplies", "Outdoor Gear"
"Elegant and modern decorative wall mirror with frameless design", "Home Decor"
"Comfortable and supportive travel neck pillow with adjustable strap", "Personal Care"
"High-quality and versatile chef's knife with precision blade", "Kitchen Appliances"
"Stylish and practical wall-mounted storage rack with hooks and baskets", "Furniture"
"Compact and efficient indoor air purifier with ozone filter", "Home Appliances"
"Elegant and modern decorative table lamp with ceramic base", "Home Decor"
"Comfortable and supportive winter coat with windproof design", "Clothing"
"High-performance and versatile blender with multiple speed settings", "Kitchen Appliances"
"Stylish and practical office desk with built-in charging station", "Furniture"
"Compact and durable outdoor camping gear set with tent and sleeping bags", "Outdoor Gear"
"Elegant and modern decorative wall art with nature theme", "Home Decor"
"Comfortable and supportive yoga mat with extra cushioning", "Fitness Equipment"
"High-quality and versatile multi-purpose kitchen tool set with measuring cups", "Kitchen Appliances"
"Stylish and practical desk lamp with built-in clock", "Furniture"
"Compact and efficient electric coffee grinder with adjustable settings", "Kitchen Appliances"
"Elegant and modern decorative floor lamp with adjustable brightness", "Home Decor"
"Comfortable and supportive ergonomic office chair with lumbar support", "Furniture"
"High-performance and versatile food processor with multiple blades", "Kitchen Appliances"
"Stylish and practical storage ottoman with upholstered top", "Furniture"
"Compact and durable outdoor camping gear set with tent and stove", "Outdoor Gear"
"Elegant and modern decorative table runner with geometric design", "Home Decor"
"Comfortable and supportive travel pillow with memory foam", "Personal Care"
"High-quality and versatile chef's knife with serrated edge", "Kitchen Appliances"
"Stylish and practical desk organizer with built-in phone holder", "Accessories"
"Compact and efficient electric griddle with removable plates", "Kitchen Appliances"
"Elegant and modern decorative wall art with minimalist design", "Home Decor"
"Comfortable and durable winter boots with insulated lining", "Footwear"
"High-performance and versatile blender with pulse function", "Kitchen Appliances"
"Stylish and practical office chair with adjustable armrests", "Furniture"
"Compact and durable outdoor camping gear set with tent and cooler", "Outdoor Gear"
"Elegant and modern decorative pendant light fixture with metal shade", "Home Decor"
"Comfortable and supportive memory foam mattress with plush cover", "Furniture"
"High-quality and versatile multi-purpose kitchen tool set with colander", "Kitchen Appliances"
"Stylish and practical wall-mounted coat rack with shelf and hooks", "Furniture"
"Compact and efficient indoor air purifier with activated carbon filter", "Home Appliances"
"Elegant and modern decorative table centerpiece with floral arrangement", "Home Decor"
"Comfortable and supportive travel neck pillow with adjustable straps", "Personal Care"
"High-performance and versatile coffee maker with built-in grinder", "Kitchen Appliances"
"Stylish and practical office desk with built-in filing cabinet", "Furniture"
"Compact and durable outdoor camping gear set with tent and lantern", "Outdoor Gear"
"Elegant and modern decorative wall mirror with gold frame", "Home Decor"
"Comfortable and supportive winter gloves with touchscreen compatibility", "Clothing"
"High-quality and versatile multi-function kitchen tool set with whisk", "Kitchen Appliances"
"Stylish and practical desk lamp with adjustable arm and brightness", "Furniture"
"Compact and efficient electric kettle with rapid boiling feature", "Kitchen Appliances"
"Elegant and modern decorative table lamp with marble base", "Home Decor"
"Comfortable and supportive memory foam pillow with adjustable loft", "Personal Care"
"High-performance and versatile air fryer with pre-set cooking programs", "Kitchen Appliances"
"Stylish and practical office chair with adjustable height and tilt", "Furniture"
"Compact and durable outdoor camping gear set with tent and sleeping pad", "Outdoor Gear"
"Elegant and modern decorative wall sconce with LED light", "Home Decor"
"Comfortable and supportive yoga mat with extra thick cushioning", "Fitness Equipment"
"High-quality and versatile kitchen knife set with sharpening tool", "Kitchen Appliances"
"Stylish and practical wall-mounted storage rack with adjustable shelves", "Furniture"
"Compact and efficient indoor air purifier with HEPA filter", "Home Appliances"
"Elegant and modern decorative floor vase with floral design", "Home Decor"
"Comfortable and supportive winter coat with insulated hood", "Clothing"
"High-performance and versatile blender with chopper attachment", "Kitchen Appliances"
"Stylish and practical office desk with built-in wireless charger", "Furniture"
"Compact and durable outdoor camping gear set with tent and stove", "Outdoor Gear"
"Elegant and modern decorative wall clock with contemporary design", "Home Decor"
"Comfortable and supportive travel pillow with adjustable firmness", "Personal Care"
"High-quality and versatile multi-function kitchen tool set with peeler", "Kitchen Appliances"
"Stylish and practical desk lamp with built-in wireless charger", "Furniture"
"Compact and efficient electric griddle with removable plates", "Kitchen Appliances"
"Elegant and modern decorative table lamp with fabric shade", "Home Decor"
"Comfortable and supportive yoga mat with extra cushioning", "Fitness Equipment"
"High-performance and versatile air fryer with adjustable temperature", "Kitchen Appliances"
"Stylish and practical wall-mounted coat rack with mirror and hooks", "Furniture"
"Compact and durable outdoor camping gear set with tent and cooler", "Outdoor Gear"
"Elegant and modern decorative table runner with geometric pattern", "Home Decor"
"Comfortable and supportive travel neck pillow with adjustable support", "Personal Care"
"High-quality and versatile kitchen knife set with block", "Kitchen Appliances"
"Stylish and practical office chair with lumbar support and armrests", "Furniture"
"Compact and efficient indoor air purifier with multi-stage filtration", "Home Appliances"
"Elegant and modern decorative wall art with abstract design", "Home Decor"
"Comfortable and supportive winter coat with waterproof feature", "Clothing"
"High-performance and versatile blender with multiple attachments", "Kitchen Appliances"
"Stylish and practical desk organizer with built-in lamp", "Furniture"
"Compact and durable outdoor camping gear set with tent and sleeping bags", "Outdoor Gear"
"Elegant and modern decorative floor lamp with adjustable brightness", "Home Decor"
"Comfortable and supportive memory foam mattress with plush cover", "Furniture"
"High-quality and versatile multi-function kitchen tool set", "Kitchen Appliances"
"Stylish and practical wall-mounted coat rack with bench and hooks", "Furniture"
"Compact and efficient electric coffee maker with programmable settings", "Kitchen Appliances"